No;IPKM;X1;X2;X3;X4;X5;X6;X7
1;High;<0,6464;>=0,5763;>=0,4398;<0,4740;>=0,4496;>=0,8796;>=0,7950
2;High;>=0,6464;>=0,5763;>=0,4398;<0,4740;>=0,4496;>=0,8796;<0,7950
3;High;>=0,6464;>=0,5763;>=0,4398;>=0,4740;<0,4496;<0,8796;<0,7950
4;High;>=0,6464;>=0,5763;>=0,4398;<0,4740;>=0,4496;>=0,8796;<0,7950
5;High;>=0,6464;>=0,5763;>=0,4398;<0,4740;<0,4496;<0,8796;>=0,7950
6;High;>=0,6464;>=0,5763;>=0,4398;>=0,4740;>=0,4496;>=0,8796;>=0,7950
7;High;>=0,6464;<0,5763;<0,4398;>=0,4740;<0,4496;>=0,8796;<0,7950
8;High;>=0,6464;<0,5763;>=0,4398;>=0,4740;>=0,4496;<0,8796;>=0,7950
9;High;>=0,6464;<0,5763;<0,4398;>=0,4740;<0,4496;>=0,8796;<0,7950
10;High;>=0,6464;>=0,5763;>=0,4398;>=0,4740;<0,4496;>=0,8796;<0,7950
11;High;>=0,6464;<0,5763;>=0,4398;>=0,4740;>=0,4496;>=0,8796;>=0,7950
12;High;>=0,6464;>=0,5763;>=0,4398;>=0,4740;<0,4496;>=0,8796;>=0,7950
13;High;>=0,6464;>=0,5763;>=0,4398;<0,4740;<0,4496;>=0,8796;<0,7950
14;High;>=0,6464;>=0,5763;>=0,4398;>=0,4740;<0,4496;<0,8796;>=0,7950
15;High;<0,6464;<0,5763;>=0,4398;>=0,4740;<0,4496;>=0,8796;>=0,7950
16;High;>=0,6464;<0,5763;>=0,4398;<0,4740;<0,4496;<0,8796;>=0,7950
17;High;<0,6464;<0,5763;<0,4398;>=0,4740;>=0,4496;<0,8796;>=0,7950
18;High;>=0,6464;>=0,5763;>=0,4398;>=0,4740;<0,4496;<0,8796;>=0,7950
19;High;>=0,6464;<0,5763;<0,4398;>=0,4740;<0,4496;>=0,8796;<0,7950
20;High;>=0,6464;>=0,5763;>=0,4398;>=0,4740;>=0,4496;>=0,8796;<0,7950
21;High;<0,6464;<0,5763;>=0,4398;>=0,4740;>=0,4496;<0,8796;<0,7950
22;High;>=0,6464;>=0,5763;<0,4398;<0,4740;>=0,4496;<0,8796;>=0,7950
23;High;>=0,6464;<0,5763;>=0,4398;>=0,4740;>=0,4496;>=0,8796;>=0,7950
24;High;>=0,6464;>=0,5763;>=0,4398;>=0,4740;>=0,4496;>=0,8796;>=0,7950
25;High;>=0,6464;>=0,5763;<0,4398;<0,4740;>=0,4496;<0,8796;<0,7950
26;High;>=0,6464;<0,5763;<0,4398;<0,4740;>=0,4496;<0,8796;>=0,7950
27;High;>=0,6464;>=0,5763;>=0,4398;>=0,4740;<0,4496;>=0,8796;>=0,7950
28;High;>=0,6464;>=0,5763;>=0,4398;>=0,4740;>=0,4496;>=0,8796;>=0,7950
29;High;<0,6464;<0,5763;>=0,4398;>=0,4740;>=0,4496;<0,8796;>=0,7950
30;High;>=0,6464;>=0,5763;>=0,4398;>=0,4740;<0,4496;>=0,8796;<0,7950
31;High;<0,6464;<0,5763;<0,4398;>=0,4740;>=0,4496;>=0,8796;<0,7950
32;High;>=0,6464;>=0,5763;>=0,4398;<0,4740;<0,4496;>=0,8796;<0,7950
33;High;>=0,6464;>=0,5763;>=0,4398;<0,4740;<0,4496;<0,8796;>=0,7950
34;High;>=0,6464;>=0,5763;>=0,4398;>=0,4740;>=0,4496;>=0,8796;>=0,7950
35;High;>=0,6464;<0,5763;>=0,4398;>=0,4740;<0,4496;<0,8796;>=0,7950
36;High;>=0,6464;<0,5763;>=0,4398;<0,4740;>=0,4496;>=0,8796;<0,7950
37;High;>=0,6464;>=0,5763;>=0,4398;>=0,4740;<0,4496;>=0,8796;<0,7950
38;High;<0,6464;<0,5763;>=0,4398;<0,4740;>=0,4496;<0,8796;>=0,7950
39;High;>=0,6464;>=0,5763;>=0,4398;>=0,4740;>=0,4496;>=0,8796;>=0,7950
40;High;<0,6464;<0,5763;>=0,4398;>=0,4740;>=0,4496;>=0,8796;>=0,7950
41;High;>=0,6464;>=0,5763;<0,4398;>=0,4740;<0,4496;<0,8796;>=0,7950
42;High;>=0,6464;>=0,5763;>=0,4398;>=0,4740;>=0,4496;<0,8796;>=0,7950
43;High;>=0,6464;>=0,5763;>=0,4398;>=0,4740;<0,4496;>=0,8796;>=0,7950
44;High;<0,6464;<0,5763;>=0,4398;<0,4740;>=0,4496;>=0,8796;<0,7950
45;High;>=0,6464;>=0,5763;>=0,4398;>=0,4740;<0,4496;>=0,8796;>=0,7950
46;High;>=0,6464;>=0,5763;>=0,4398;>=0,4740;<0,4496;>=0,8796;>=0,7950
47;High;>=0,6464;>=0,5763;>=0,4398;>=0,4740;<0,4496;>=0,8796;>=0,7950
48;High;>=0,6464;>=0,5763;>=0,4398;>=0,4740;<0,4496;<0,8796;>=0,7950
49;High;<0,6464;>=0,5763;<0,4398;>=0,4740;>=0,4496;>=0,8796;<0,7950
50;High;>=0,6464;>=0,5763;>=0,4398;>=0,4740;>=0,4496;<0,8796;<0,7950
51;High;>=0,6464;>=0,5763;>=0,4398;>=0,4740;<0,4496;>=0,8796;>=0,7950
52;High;>=0,6464;>=0,5763;>=0,4398;<0,4740;>=0,4496;<0,8796;>=0,7950
53;High;>=0,6464;>=0,5763;<0,4398;<0,4740;>=0,4496;<0,8796;>=0,7950
54;High;>=0,6464;>=0,5763;>=0,4398;<0,4740;>=0,4496;>=0,8796;>=0,7950
55;High;>=0,6464;>=0,5763;>=0,4398;>=0,4740;<0,4496;>=0,8796;>=0,7950
56;High;>=0,6464;>=0,5763;>=0,4398;>=0,4740;<0,4496;>=0,8796;>=0,7950
57;High;>=0,6464;>=0,5763;<0,4398;<0,4740;<0,4496;<0,8796;>=0,7950
58;High;>=0,6464;>=0,5763;>=0,4398;<0,4740;<0,4496;<0,8796;>=0,7950
59;High;>=0,6464;>=0,5763;>=0,4398;>=0,4740;<0,4496;>=0,8796;>=0,7950
60;High;>=0,6464;>=0,5763;>=0,4398;>=0,4740;<0,4496;>=0,8796;>=0,7950
61;High;>=0,6464;>=0,5763;<0,4398;>=0,4740;>=0,4496;<0,8796;>=0,7950
62;High;>=0,6464;<0,5763;>=0,4398;>=0,4740;<0,4496;>=0,8796;>=0,7950
63;High;>=0,6464;>=0,5763;>=0,4398;>=0,4740;<0,4496;>=0,8796;<0,7950
64;High;>=0,6464;>=0,5763;<0,4398;>=0,4740;>=0,4496;<0,8796;>=0,7950
65;High;>=0,6464;>=0,5763;>=0,4398;>=0,4740;<0,4496;<0,8796;>=0,7950
66;High;>=0,6464;<0,5763;<0,4398;>=0,4740;>=0,4496;>=0,8796;>=0,7950
67;High;>=0,6464;>=0,5763;<0,4398;>=0,4740;>=0,4496;>=0,8796;>=0,7950
68;High;>=0,6464;>=0,5763;>=0,4398;<0,4740;>=0,4496;<0,8796;>=0,7950
69;High;>=0,6464;<0,5763;>=0,4398;<0,4740;>=0,4496;>=0,8796;<0,7950
70;High;>=0,6464;>=0,5763;>=0,4398;<0,4740;>=0,4496;>=0,8796;<0,7950
71;High;>=0,6464;>=0,5763;<0,4398;<0,4740;>=0,4496;<0,8796;<0,7950
72;High;>=0,6464;>=0,5763;>=0,4398;>=0,4740;>=0,4496;>=0,8796;<0,7950
73;High;>=0,6464;>=0,5763;>=0,4398;<0,4740;<0,4496;<0,8796;>=0,7950
74;High;>=0,6464;>=0,5763;>=0,4398;>=0,4740;<0,4496;>=0,8796;<0,7950
75;High;>=0,6464;<0,5763;>=0,4398;>=0,4740;<0,4496;>=0,8796;>=0,7950
76;High;>=0,6464;>=0,5763;>=0,4398;>=0,4740;<0,4496;>=0,8796;>=0,7950
77;High;>=0,6464;>=0,5763;>=0,4398;>=0,4740;<0,4496;>=0,8796;<0,7950
78;High;>=0,6464;>=0,5763;>=0,4398;>=0,4740;<0,4496;>=0,8796;>=0,7950
79;High;>=0,6464;>=0,5763;<0,4398;>=0,4740;<0,4496;<0,8796;<0,7950
80;High;<0,6464;<0,5763;>=0,4398;>=0,4740;>=0,4496;<0,8796;<0,7950
81;High;>=0,6464;>=0,5763;>=0,4398;>=0,4740;<0,4496;<0,8796;>=0,7950
82;High;>=0,6464;<0,5763;>=0,4398;>=0,4740;<0,4496;<0,8796;>=0,7950
83;High;>=0,6464;>=0,5763;>=0,4398;<0,4740;>=0,4496;>=0,8796;<0,7950
84;High;<0,6464;<0,5763;<0,4398;>=0,4740;>=0,4496;>=0,8796;>=0,7950
85;High;>=0,6464;>=0,5763;>=0,4398;<0,4740;<0,4496;>=0,8796;>=0,7950
86;High;>=0,6464;<0,5763;<0,4398;<0,4740;<0,4496;>=0,8796;>=0,7950
87;High;>=0,6464;>=0,5763;<0,4398;<0,4740;<0,4496;>=0,8796;>=0,7950
88;High;>=0,6464;<0,5763;>=0,4398;>=0,4740;<0,4496;>=0,8796;>=0,7950
89;High;>=0,6464;>=0,5763;<0,4398;>=0,4740;<0,4496;<0,8796;>=0,7950
90;High;>=0,6464;>=0,5763;<0,4398;<0,4740;>=0,4496;>=0,8796;<0,7950
91;High;>=0,6464;<0,5763;<0,4398;>=0,4740;>=0,4496;>=0,8796;<0,7950
92;High;<0,6464;<0,5763;<0,4398;<0,4740;>=0,4496;>=0,8796;<0,7950
93;High;>=0,6464;>=0,5763;<0,4398;<0,4740;<0,4496;>=0,8796;<0,7950
94;High;>=0,6464;>=0,5763;>=0,4398;>=0,4740;>=0,4496;<0,8796;>=0,7950
95;High;>=0,6464;>=0,5763;>=0,4398;>=0,4740;>=0,4496;<0,8796;>=0,7950
96;High;>=0,6464;>=0,5763;>=0,4398;>=0,4740;<0,4496;>=0,8796;<0,7950
97;High;>=0,6464;>=0,5763;>=0,4398;<0,4740;>=0,4496;>=0,8796;<0,7950
98;High;>=0,6464;>=0,5763;<0,4398;<0,4740;>=0,4496;>=0,8796;<0,7950
99;High;>=0,6464;<0,5763;>=0,4398;<0,4740;<0,4496;>=0,8796;<0,7950
100;High;<0,6464;>=0,5763;>=0,4398;>=0,4740;>=0,4496;<0,8796;<0,7950
101;High;>=0,6464;>=0,5763;>=0,4398;<0,4740;<0,4496;>=0,8796;>=0,7950
102;High;>=0,6464;<0,5763;>=0,4398;>=0,4740;<0,4496;>=0,8796;<0,7950
103;High;>=0,6464;>=0,5763;<0,4398;>=0,4740;>=0,4496;<0,8796;>=0,7950
104;High;>=0,6464;>=0,5763;>=0,4398;>=0,4740;<0,4496;>=0,8796;>=0,7950
105;High;>=0,6464;>=0,5763;>=0,4398;<0,4740;>=0,4496;>=0,8796;<0,7950
106;High;>=0,6464;>=0,5763;>=0,4398;>=0,4740;>=0,4496;<0,8796;>=0,7950
107;High;>=0,6464;>=0,5763;>=0,4398;>=0,4740;<0,4496;>=0,8796;>=0,7950
108;High;>=0,6464;>=0,5763;>=0,4398;<0,4740;>=0,4496;>=0,8796;>=0,7950
109;High;>=0,6464;>=0,5763;<0,4398;>=0,4740;>=0,4496;>=0,8796;>=0,7950
110;High;>=0,6464;>=0,5763;>=0,4398;<0,4740;>=0,4496;>=0,8796;<0,7950
111;High;>=0,6464;>=0,5763;<0,4398;>=0,4740;>=0,4496;<0,8796;>=0,7950
112;High;>=0,6464;>=0,5763;<0,4398;>=0,4740;>=0,4496;>=0,8796;>=0,7950
113;High;>=0,6464;<0,5763;>=0,4398;>=0,4740;<0,4496;<0,8796;>=0,7950
114;High;>=0,6464;>=0,5763;<0,4398;<0,4740;>=0,4496;<0,8796;<0,7950
115;High;>=0,6464;>=0,5763;<0,4398;>=0,4740;>=0,4496;>=0,8796;<0,7950
116;High;<0,6464;>=0,5763;>=0,4398;>=0,4740;<0,4496;>=0,8796;<0,7950
117;High;>=0,6464;>=0,5763;>=0,4398;>=0,4740;<0,4496;>=0,8796;>=0,7950
118;High;<0,6464;<0,5763;<0,4398;>=0,4740;>=0,4496;<0,8796;>=0,7950
119;High;>=0,6464;>=0,5763;<0,4398;>=0,4740;>=0,4496;>=0,8796;<0,7950
120;High;>=0,6464;<0,5763;<0,4398;>=0,4740;>=0,4496;>=0,8796;>=0,7950
121;High;>=0,6464;>=0,5763;>=0,4398;>=0,4740;<0,4496;<0,8796;>=0,7950
122;High;>=0,6464;<0,5763;>=0,4398;<0,4740;>=0,4496;<0,8796;<0,7950
123;High;>=0,6464;>=0,5763;<0,4398;>=0,4740;<0,4496;>=0,8796;>=0,7950
124;High;>=0,6464;>=0,5763;>=0,4398;>=0,4740;<0,4496;>=0,8796;>=0,7950
125;High;>=0,6464;<0,5763;>=0,4398;<0,4740;>=0,4496;>=0,8796;<0,7950
126;High;>=0,6464;<0,5763;>=0,4398;>=0,4740;<0,4496;>=0,8796;>=0,7950
127;High;>=0,6464;>=0,5763;>=0,4398;>=0,4740;>=0,4496;<0,8796;>=0,7950
128;High;>=0,6464;>=0,5763;>=0,4398;>=0,4740;>=0,4496;<0,8796;>=0,7950
129;High;>=0,6464;>=0,5763;>=0,4398;>=0,4740;<0,4496;>=0,8796;>=0,7950
130;High;>=0,6464;>=0,5763;>=0,4398;<0,4740;>=0,4496;>=0,8796;<0,7950
131;High;>=0,6464;<0,5763;>=0,4398;>=0,4740;>=0,4496;>=0,8796;>=0,7950
132;High;>=0,6464;>=0,5763;>=0,4398;>=0,4740;<0,4496;<0,8796;>=0,7950
133;High;<0,6464;<0,5763;<0,4398;<0,4740;>=0,4496;>=0,8796;<0,7950
134;High;>=0,6464;>=0,5763;>=0,4398;>=0,4740;>=0,4496;>=0,8796;>=0,7950
135;High;<0,6464;>=0,5763;>=0,4398;>=0,4740;>=0,4496;>=0,8796;<0,7950
136;High;>=0,6464;<0,5763;<0,4398;>=0,4740;<0,4496;>=0,8796;>=0,7950
137;High;>=0,6464;>=0,5763;>=0,4398;<0,4740;<0,4496;>=0,8796;<0,7950
138;High;>=0,6464;<0,5763;>=0,4398;<0,4740;<0,4496;<0,8796;>=0,7950
139;High;>=0,6464;<0,5763;>=0,4398;<0,4740;>=0,4496;<0,8796;<0,7950
140;High;<0,6464;>=0,5763;<0,4398;<0,4740;>=0,4496;>=0,8796;<0,7950
141;High;>=0,6464;<0,5763;<0,4398;>=0,4740;>=0,4496;>=0,8796;<0,7950
142;High;>=0,6464;>=0,5763;>=0,4398;>=0,4740;<0,4496;<0,8796;>=0,7950
143;High;>=0,6464;>=0,5763;>=0,4398;>=0,4740;>=0,4496;>=0,8796;>=0,7950
144;High;>=0,6464;>=0,5763;<0,4398;<0,4740;<0,4496;>=0,8796;>=0,7950
145;High;>=0,6464;>=0,5763;>=0,4398;>=0,4740;>=0,4496;<0,8796;<0,7950
146;High;>=0,6464;>=0,5763;<0,4398;>=0,4740;>=0,4496;>=0,8796;<0,7950
147;High;<0,6464;<0,5763;<0,4398;>=0,4740;>=0,4496;>=0,8796;<0,7950
148;High;>=0,6464;>=0,5763;<0,4398;<0,4740;>=0,4496;>=0,8796;<0,7950
149;High;>=0,6464;>=0,5763;>=0,4398;>=0,4740;>=0,4496;<0,8796;>=0,7950
150;High;>=0,6464;>=0,5763;>=0,4398;>=0,4740;>=0,4496;>=0,8796;>=0,7950
151;High;>=0,6464;>=0,5763;>=0,4398;<0,4740;<0,4496;>=0,8796;<0,7950
152;High;>=0,6464;>=0,5763;>=0,4398;>=0,4740;<0,4496;>=0,8796;>=0,7950
153;High;>=0,6464;>=0,5763;>=0,4398;<0,4740;>=0,4496;>=0,8796;>=0,7950
154;High;>=0,6464;<0,5763;>=0,4398;<0,4740;>=0,4496;>=0,8796;>=0,7950
155;High;>=0,6464;>=0,5763;>=0,4398;<0,4740;<0,4496;<0,8796;>=0,7950
156;High;>=0,6464;>=0,5763;>=0,4398;>=0,4740;>=0,4496;>=0,8796;>=0,7950
157;High;>=0,6464;<0,5763;>=0,4398;>=0,4740;>=0,4496;>=0,8796;>=0,7950
158;High;>=0,6464;<0,5763;>=0,4398;>=0,4740;<0,4496;>=0,8796;>=0,7950
159;High;>=0,6464;>=0,5763;>=0,4398;>=0,4740;>=0,4496;>=0,8796;>=0,7950
160;High;>=0,6464;>=0,5763;>=0,4398;>=0,4740;<0,4496;<0,8796;>=0,7950
161;High;>=0,6464;>=0,5763;>=0,4398;>=0,4740;>=0,4496;>=0,8796;>=0,7950
162;High;>=0,6464;>=0,5763;>=0,4398;>=0,4740;>=0,4496;<0,8796;>=0,7950
163;High;>=0,6464;<0,5763;>=0,4398;<0,4740;>=0,4496;>=0,8796;>=0,7950
164;High;>=0,6464;>=0,5763;>=0,4398;>=0,4740;<0,4496;>=0,8796;>=0,7950
165;High;>=0,6464;>=0,5763;>=0,4398;>=0,4740;<0,4496;>=0,8796;>=0,7950
166;High;>=0,6464;<0,5763;>=0,4398;>=0,4740;<0,4496;>=0,8796;>=0,7950
167;High;>=0,6464;>=0,5763;>=0,4398;<0,4740;<0,4496;>=0,8796;>=0,7950
168;High;>=0,6464;>=0,5763;>=0,4398;<0,4740;<0,4496;>=0,8796;>=0,7950
169;High;>=0,6464;>=0,5763;>=0,4398;>=0,4740;<0,4496;>=0,8796;>=0,7950
170;High;>=0,6464;>=0,5763;>=0,4398;<0,4740;<0,4496;>=0,8796;>=0,7950
171;High;>=0,6464;>=0,5763;>=0,4398;>=0,4740;<0,4496;>=0,8796;>=0,7950
172;High;>=0,6464;>=0,5763;>=0,4398;>=0,4740;>=0,4496;>=0,8796;>=0,7950
173;High;>=0,6464;>=0,5763;>=0,4398;>=0,4740;<0,4496;<0,8796;>=0,7950
174;High;>=0,6464;<0,5763;>=0,4398;>=0,4740;>=0,4496;>=0,8796;<0,7950
175;High;>=0,6464;>=0,5763;>=0,4398;>=0,4740;<0,4496;>=0,8796;>=0,7950
176;High;>=0,6464;>=0,5763;>=0,4398;<0,4740;<0,4496;>=0,8796;>=0,7950
177;High;>=0,6464;>=0,5763;>=0,4398;>=0,4740;<0,4496;>=0,8796;>=0,7950
178;High;>=0,6464;>=0,5763;>=0,4398;>=0,4740;<0,4496;>=0,8796;>=0,7950
179;High;>=0,6464;>=0,5763;>=0,4398;<0,4740;<0,4496;>=0,8796;>=0,7950
180;High;>=0,6464;>=0,5763;>=0,4398;>=0,4740;>=0,4496;>=0,8796;<0,7950
181;High;>=0,6464;<0,5763;>=0,4398;<0,4740;<0,4496;>=0,8796;>=0,7950
182;High;>=0,6464;>=0,5763;>=0,4398;>=0,4740;<0,4496;>=0,8796;>=0,7950
183;High;>=0,6464;<0,5763;>=0,4398;>=0,4740;>=0,4496;>=0,8796;>=0,7950
184;High;>=0,6464;<0,5763;>=0,4398;>=0,4740;<0,4496;<0,8796;>=0,7950
185;High;>=0,6464;<0,5763;>=0,4398;>=0,4740;>=0,4496;>=0,8796;<0,7950
186;High;<0,6464;<0,5763;>=0,4398;>=0,4740;<0,4496;>=0,8796;>=0,7950
187;High;<0,6464;<0,5763;>=0,4398;<0,4740;<0,4496;>=0,8796;>=0,7950
188;High;<0,6464;>=0,5763;>=0,4398;<0,4740;>=0,4496;<0,8796;>=0,7950
189;High;>=0,6464;>=0,5763;>=0,4398;>=0,4740;<0,4496;>=0,8796;>=0,7950
190;High;>=0,6464;>=0,5763;>=0,4398;>=0,4740;>=0,4496;>=0,8796;>=0,7950
191;High;>=0,6464;<0,5763;>=0,4398;>=0,4740;<0,4496;>=0,8796;>=0,7950
192;High;>=0,6464;>=0,5763;>=0,4398;>=0,4740;<0,4496;>=0,8796;>=0,7950
193;High;>=0,6464;>=0,5763;>=0,4398;>=0,4740;<0,4496;>=0,8796;>=0,7950
194;High;>=0,6464;>=0,5763;>=0,4398;>=0,4740;>=0,4496;>=0,8796;>=0,7950
195;High;<0,6464;>=0,5763;>=0,4398;>=0,4740;>=0,4496;>=0,8796;>=0,7950
196;High;>=0,6464;>=0,5763;>=0,4398;>=0,4740;>=0,4496;>=0,8796;>=0,7950
197;High;>=0,6464;>=0,5763;>=0,4398;>=0,4740;<0,4496;<0,8796;>=0,7950
198;High;>=0,6464;>=0,5763;>=0,4398;<0,4740;>=0,4496;>=0,8796;<0,7950
199;High;<0,6464;>=0,5763;>=0,4398;<0,4740;>=0,4496;<0,8796;>=0,7950
200;High;>=0,6464;>=0,5763;>=0,4398;<0,4740;>=0,4496;<0,8796;<0,7950
201;High;>=0,6464;<0,5763;<0,4398;>=0,4740;>=0,4496;>=0,8796;>=0,7950
202;High;>=0,6464;<0,5763;>=0,4398;>=0,4740;>=0,4496;>=0,8796;>=0,7950
203;High;>=0,6464;<0,5763;>=0,4398;>=0,4740;>=0,4496;>=0,8796;>=0,7950
204;High;>=0,6464;<0,5763;>=0,4398;>=0,4740;<0,4496;>=0,8796;>=0,7950
205;High;>=0,6464;>=0,5763;>=0,4398;<0,4740;<0,4496;>=0,8796;<0,7950
206;High;>=0,6464;<0,5763;>=0,4398;>=0,4740;<0,4496;>=0,8796;>=0,7950
207;High;>=0,6464;<0,5763;>=0,4398;>=0,4740;<0,4496;>=0,8796;>=0,7950
208;High;>=0,6464;>=0,5763;>=0,4398;<0,4740;<0,4496;>=0,8796;>=0,7950
209;High;>=0,6464;>=0,5763;>=0,4398;>=0,4740;<0,4496;<0,8796;>=0,7950
210;High;>=0,6464;>=0,5763;>=0,4398;>=0,4740;>=0,4496;<0,8796;>=0,7950
211;High;>=0,6464;>=0,5763;>=0,4398;>=0,4740;<0,4496;<0,8796;>=0,7950
212;High;>=0,6464;>=0,5763;>=0,4398;>=0,4740;<0,4496;>=0,8796;>=0,7950
213;High;>=0,6464;>=0,5763;>=0,4398;<0,4740;<0,4496;>=0,8796;>=0,7950
214;High;>=0,6464;>=0,5763;>=0,4398;>=0,4740;<0,4496;>=0,8796;>=0,7950
215;High;>=0,6464;<0,5763;>=0,4398;<0,4740;<0,4496;>=0,8796;>=0,7950
216;High;>=0,6464;>=0,5763;>=0,4398;<0,4740;<0,4496;<0,8796;>=0,7950
217;High;>=0,6464;>=0,5763;>=0,4398;>=0,4740;<0,4496;>=0,8796;>=0,7950
218;High;>=0,6464;>=0,5763;>=0,4398;>=0,4740;<0,4496;<0,8796;>=0,7950
219;High;>=0,6464;>=0,5763;>=0,4398;>=0,4740;<0,4496;>=0,8796;>=0,7950
220;High;>=0,6464;>=0,5763;>=0,4398;<0,4740;<0,4496;>=0,8796;>=0,7950
221;High;>=0,6464;>=0,5763;>=0,4398;>=0,4740;<0,4496;>=0,8796;>=0,7950
222;High;>=0,6464;>=0,5763;>=0,4398;<0,4740;>=0,4496;<0,8796;>=0,7950
223;High;>=0,6464;>=0,5763;>=0,4398;<0,4740;>=0,4496;>=0,8796;>=0,7950
224;High;>=0,6464;>=0,5763;>=0,4398;<0,4740;<0,4496;<0,8796;>=0,7950
225;High;>=0,6464;>=0,5763;>=0,4398;<0,4740;>=0,4496;<0,8796;<0,7950
226;High;>=0,6464;>=0,5763;>=0,4398;>=0,4740;<0,4496;<0,8796;>=0,7950
227;High;>=0,6464;>=0,5763;>=0,4398;>=0,4740;<0,4496;>=0,8796;>=0,7950
228;High;>=0,6464;>=0,5763;>=0,4398;>=0,4740;<0,4496;>=0,8796;>=0,7950
229;High;>=0,6464;>=0,5763;>=0,4398;>=0,4740;<0,4496;<0,8796;>=0,7950
230;High;<0,6464;<0,5763;>=0,4398;<0,4740;>=0,4496;<0,8796;>=0,7950
231;High;>=0,6464;>=0,5763;>=0,4398;>=0,4740;<0,4496;>=0,8796;>=0,7950
232;High;>=0,6464;>=0,5763;>=0,4398;>=0,4740;<0,4496;>=0,8796;<0,7950
233;High;>=0,6464;>=0,5763;>=0,4398;<0,4740;>=0,4496;<0,8796;>=0,7950
234;High;>=0,6464;>=0,5763;>=0,4398;>=0,4740;>=0,4496;<0,8796;>=0,7950
235;High;>=0,6464;>=0,5763;>=0,4398;>=0,4740;<0,4496;>=0,8796;>=0,7950
236;High;>=0,6464;<0,5763;>=0,4398;<0,4740;<0,4496;>=0,8796;>=0,7950
237;High;>=0,6464;<0,5763;>=0,4398;<0,4740;<0,4496;>=0,8796;>=0,7950
238;High;>=0,6464;>=0,5763;>=0,4398;>=0,4740;<0,4496;>=0,8796;>=0,7950
239;High;>=0,6464;>=0,5763;>=0,4398;>=0,4740;<0,4496;>=0,8796;<0,7950
240;Low;<0,6464;<0,5763;>=0,4398;<0,4740;>=0,4496;>=0,8796;>=0,7950
241;Low;<0,6464;<0,5763;>=0,4398;<0,4740;>=0,4496;<0,8796;<0,7950
242;Low;<0,6464;<0,5763;>=0,4398;<0,4740;>=0,4496;<0,8796;<0,7950
243;Low;>=0,6464;<0,5763;>=0,4398;>=0,4740;<0,4496;>=0,8796;<0,7950
244;Low;>=0,6464;>=0,5763;>=0,4398;<0,4740;<0,4496;<0,8796;>=0,7950
245;Low;<0,6464;<0,5763;<0,4398;<0,4740;>=0,4496;<0,8796;<0,7950
246;Low;<0,6464;<0,5763;<0,4398;<0,4740;>=0,4496;<0,8796;<0,7950
247;Low;<0,6464;<0,5763;<0,4398;<0,4740;>=0,4496;<0,8796;<0,7950
248;Low;<0,6464;<0,5763;<0,4398;<0,4740;>=0,4496;>=0,8796;<0,7950
249;Low;<0,6464;<0,5763;<0,4398;<0,4740;>=0,4496;>=0,8796;<0,7950
250;Low;>=0,6464;>=0,5763;>=0,4398;<0,4740;<0,4496;<0,8796;>=0,7950
251;Low;>=0,6464;<0,5763;<0,4398;<0,4740;<0,4496;>=0,8796;<0,7950
252;Low;<0,6464;<0,5763;<0,4398;<0,4740;<0,4496;>=0,8796;<0,7950
253;Low;<0,6464;<0,5763;<0,4398;<0,4740;<0,4496;>=0,8796;<0,7950
254;Low;>=0,6464;>=0,5763;<0,4398;<0,4740;>=0,4496;>=0,8796;<0,7950
255;Low;>=0,6464;<0,5763;<0,4398;<0,4740;<0,4496;>=0,8796;<0,7950
256;Low;>=0,6464;<0,5763;<0,4398;<0,4740;<0,4496;>=0,8796;>=0,7950
257;Low;<0,6464;<0,5763;<0,4398;<0,4740;>=0,4496;>=0,8796;<0,7950
258;Low;>=0,6464;<0,5763;<0,4398;>=0,4740;>=0,4496;>=0,8796;<0,7950
259;Low;>=0,6464;>=0,5763;>=0,4398;<0,4740;>=0,4496;<0,8796;<0,7950
260;Low;<0,6464;<0,5763;<0,4398;<0,4740;>=0,4496;>=0,8796;<0,7950
261;Low;>=0,6464;>=0,5763;<0,4398;<0,4740;<0,4496;>=0,8796;<0,7950
262;Low;<0,6464;<0,5763;<0,4398;<0,4740;>=0,4496;>=0,8796;<0,7950
263;Low;<0,6464;<0,5763;<0,4398;<0,4740;>=0,4496;>=0,8796;<0,7950
264;Low;<0,6464;<0,5763;<0,4398;<0,4740;>=0,4496;>=0,8796;<0,7950
265;Low;<0,6464;<0,5763;<0,4398;<0,4740;>=0,4496;>=0,8796;<0,7950
266;Low;<0,6464;>=0,5763;>=0,4398;>=0,4740;<0,4496;<0,8796;<0,7950
267;Low;>=0,6464;>=0,5763;<0,4398;<0,4740;<0,4496;>=0,8796;<0,7950
268;Low;<0,6464;<0,5763;<0,4398;<0,4740;>=0,4496;<0,8796;<0,7950
269;Low;>=0,6464;>=0,5763;<0,4398;<0,4740;<0,4496;<0,8796;<0,7950
270;Low;>=0,6464;>=0,5763;<0,4398;<0,4740;<0,4496;<0,8796;<0,7950
271;Low;>=0,6464;<0,5763;>=0,4398;>=0,4740;<0,4496;>=0,8796;>=0,7950
272;Low;<0,6464;>=0,5763;<0,4398;>=0,4740;>=0,4496;<0,8796;<0,7950
273;Low;<0,6464;<0,5763;<0,4398;<0,4740;>=0,4496;>=0,8796;<0,7950
274;Low;<0,6464;<0,5763;>=0,4398;<0,4740;<0,4496;<0,8796;>=0,7950
275;Low;<0,6464;<0,5763;<0,4398;<0,4740;>=0,4496;>=0,8796;<0,7950
276;Low;<0,6464;<0,5763;<0,4398;<0,4740;<0,4496;>=0,8796;<0,7950
277;Low;<0,6464;<0,5763;<0,4398;<0,4740;<0,4496;<0,8796;<0,7950
278;Low;>=0,6464;<0,5763;<0,4398;<0,4740;<0,4496;>=0,8796;<0,7950
279;Low;>=0,6464;>=0,5763;<0,4398;<0,4740;<0,4496;>=0,8796;<0,7950
280;Low;<0,6464;<0,5763;<0,4398;<0,4740;<0,4496;>=0,8796;<0,7950
281;Low;>=0,6464;<0,5763;>=0,4398;<0,4740;>=0,4496;<0,8796;<0,7950
282;Low;<0,6464;<0,5763;<0,4398;>=0,4740;<0,4496;>=0,8796;>=0,7950
283;Low;<0,6464;<0,5763;<0,4398;<0,4740;<0,4496;>=0,8796;<0,7950
284;Low;<0,6464;<0,5763;<0,4398;<0,4740;>=0,4496;<0,8796;<0,7950
285;Low;<0,6464;<0,5763;>=0,4398;>=0,4740;<0,4496;>=0,8796;>=0,7950
286;Low;>=0,6464;<0,5763;>=0,4398;>=0,4740;<0,4496;<0,8796;<0,7950
287;Low;>=0,6464;<0,5763;<0,4398;<0,4740;>=0,4496;>=0,8796;<0,7950
288;Low;>=0,6464;<0,5763;<0,4398;<0,4740;<0,4496;>=0,8796;<0,7950
289;Low;<0,6464;<0,5763;<0,4398;<0,4740;>=0,4496;<0,8796;<0,7950
290;Low;<0,6464;<0,5763;<0,4398;<0,4740;>=0,4496;>=0,8796;<0,7950
291;Low;<0,6464;<0,5763;<0,4398;>=0,4740;<0,4496;>=0,8796;<0,7950
292;Low;<0,6464;<0,5763;<0,4398;>=0,4740;>=0,4496;>=0,8796;<0,7950
293;Low;<0,6464;<0,5763;<0,4398;>=0,4740;>=0,4496;>=0,8796;>=0,7950
294;Low;>=0,6464;<0,5763;<0,4398;>=0,4740;>=0,4496;>=0,8796;<0,7950
295;Low;<0,6464;>=0,5763;<0,4398;<0,4740;>=0,4496;<0,8796;<0,7950
296;Low;<0,6464;<0,5763;<0,4398;<0,4740;>=0,4496;<0,8796;<0,7950
297;Low;>=0,6464;<0,5763;<0,4398;>=0,4740;<0,4496;<0,8796;>=0,7950
298;Low;<0,6464;<0,5763;<0,4398;<0,4740;>=0,4496;<0,8796;<0,7950
299;Low;<0,6464;<0,5763;>=0,4398;<0,4740;>=0,4496;<0,8796;<0,7950
300;Low;<0,6464;<0,5763;<0,4398;<0,4740;<0,4496;<0,8796;<0,7950
301;Low;<0,6464;<0,5763;<0,4398;<0,4740;>=0,4496;<0,8796;<0,7950
302;Low;<0,6464;<0,5763;<0,4398;>=0,4740;>=0,4496;<0,8796;>=0,7950
303;Low;>=0,6464;<0,5763;<0,4398;<0,4740;<0,4496;>=0,8796;<0,7950
304;Low;>=0,6464;>=0,5763;<0,4398;<0,4740;<0,4496;<0,8796;<0,7950
305;Low;<0,6464;<0,5763;>=0,4398;<0,4740;>=0,4496;<0,8796;<0,7950
306;Low;<0,6464;<0,5763;<0,4398;>=0,4740;<0,4496;<0,8796;<0,7950
307;Low;<0,6464;<0,5763;<0,4398;<0,4740;<0,4496;>=0,8796;<0,7950
308;Low;<0,6464;<0,5763;<0,4398;<0,4740;>=0,4496;<0,8796;<0,7950
309;Low;<0,6464;<0,5763;<0,4398;<0,4740;>=0,4496;<0,8796;<0,7950
310;Low;<0,6464;<0,5763;<0,4398;<0,4740;>=0,4496;>=0,8796;<0,7950
311;Low;<0,6464;<0,5763;<0,4398;<0,4740;>=0,4496;>=0,8796;<0,7950
312;Low;<0,6464;<0,5763;<0,4398;<0,4740;>=0,4496;>=0,8796;<0,7950
313;Low;>=0,6464;<0,5763;<0,4398;<0,4740;<0,4496;>=0,8796;<0,7950
314;Low;>=0,6464;<0,5763;<0,4398;<0,4740;<0,4496;>=0,8796;<0,7950
315;Low;>=0,6464;<0,5763;<0,4398;>=0,4740;<0,4496;>=0,8796;<0,7950
316;Low;<0,6464;>=0,5763;<0,4398;<0,4740;>=0,4496;>=0,8796;<0,7950
317;Low;<0,6464;<0,5763;<0,4398;<0,4740;>=0,4496;>=0,8796;<0,7950
318;Low;>=0,6464;<0,5763;<0,4398;<0,4740;>=0,4496;>=0,8796;<0,7950
319;Low;<0,6464;<0,5763;<0,4398;<0,4740;>=0,4496;<0,8796;<0,7950
320;Low;<0,6464;<0,5763;<0,4398;<0,4740;>=0,4496;<0,8796;<0,7950
321;Low;<0,6464;<0,5763;>=0,4398;<0,4740;<0,4496;<0,8796;<0,7950
322;Low;<0,6464;<0,5763;<0,4398;<0,4740;>=0,4496;>=0,8796;<0,7950
323;Low;>=0,6464;>=0,5763;>=0,4398;<0,4740;<0,4496;<0,8796;<0,7950
324;Low;<0,6464;<0,5763;>=0,4398;<0,4740;<0,4496;>=0,8796;<0,7950
325;Low;>=0,6464;<0,5763;>=0,4398;>=0,4740;<0,4496;<0,8796;<0,7950
326;Low;>=0,6464;<0,5763;<0,4398;<0,4740;>=0,4496;>=0,8796;<0,7950
327;Low;<0,6464;<0,5763;<0,4398;<0,4740;>=0,4496;>=0,8796;<0,7950
328;Low;<0,6464;<0,5763;<0,4398;<0,4740;<0,4496;<0,8796;<0,7950
329;Low;>=0,6464;>=0,5763;>=0,4398;<0,4740;<0,4496;<0,8796;>=0,7950
330;Low;<0,6464;<0,5763;<0,4398;<0,4740;>=0,4496;<0,8796;<0,7950
331;Low;>=0,6464;<0,5763;<0,4398;<0,4740;>=0,4496;<0,8796;<0,7950
332;Low;<0,6464;<0,5763;<0,4398;<0,4740;>=0,4496;<0,8796;<0,7950
333;Low;<0,6464;>=0,5763;>=0,4398;<0,4740;>=0,4496;<0,8796;<0,7950
334;Low;>=0,6464;<0,5763;<0,4398;>=0,4740;<0,4496;>=0,8796;<0,7950
335;Low;>=0,6464;<0,5763;<0,4398;>=0,4740;<0,4496;<0,8796;<0,7950
336;Low;>=0,6464;<0,5763;<0,4398;>=0,4740;<0,4496;>=0,8796;>=0,7950
337;Low;>=0,6464;<0,5763;>=0,4398;<0,4740;>=0,4496;>=0,8796;<0,7950
338;Low;<0,6464;<0,5763;<0,4398;<0,4740;>=0,4496;<0,8796;<0,7950
339;Low;<0,6464;<0,5763;<0,4398;<0,4740;<0,4496;<0,8796;<0,7950
340;Low;>=0,6464;<0,5763;<0,4398;>=0,4740;>=0,4496;>=0,8796;<0,7950
341;Low;<0,6464;<0,5763;<0,4398;<0,4740;>=0,4496;>=0,8796;<0,7950
342;Low;<0,6464;>=0,5763;>=0,4398;<0,4740;>=0,4496;<0,8796;<0,7950
343;Low;<0,6464;<0,5763;<0,4398;<0,4740;>=0,4496;>=0,8796;<0,7950
344;Low;>=0,6464;<0,5763;<0,4398;<0,4740;>=0,4496;>=0,8796;>=0,7950
345;Low;>=0,6464;<0,5763;<0,4398;<0,4740;>=0,4496;>=0,8796;>=0,7950
346;Low;>=0,6464;<0,5763;<0,4398;>=0,4740;>=0,4496;<0,8796;<0,7950
347;Low;>=0,6464;<0,5763;<0,4398;<0,4740;<0,4496;<0,8796;<0,7950
348;Low;<0,6464;<0,5763;<0,4398;<0,4740;<0,4496;>=0,8796;<0,7950
349;Low;>=0,6464;<0,5763;<0,4398;<0,4740;>=0,4496;>=0,8796;<0,7950
350;Low;<0,6464;<0,5763;<0,4398;<0,4740;>=0,4496;>=0,8796;<0,7950
351;Low;>=0,6464;<0,5763;<0,4398;>=0,4740;<0,4496;>=0,8796;<0,7950
352;Low;<0,6464;<0,5763;<0,4398;<0,4740;>=0,4496;>=0,8796;<0,7950
353;Low;>=0,6464;<0,5763;<0,4398;<0,4740;<0,4496;>=0,8796;<0,7950
354;Low;<0,6464;<0,5763;<0,4398;>=0,4740;>=0,4496;>=0,8796;<0,7950
355;Low;<0,6464;<0,5763;<0,4398;<0,4740;>=0,4496;<0,8796;<0,7950
356;Low;>=0,6464;<0,5763;<0,4398;>=0,4740;<0,4496;>=0,8796;<0,7950
357;Low;>=0,6464;<0,5763;<0,4398;>=0,4740;<0,4496;>=0,8796;<0,7950
358;Low;>=0,6464;>=0,5763;<0,4398;>=0,4740;<0,4496;<0,8796;>=0,7950
359;Low;<0,6464;<0,5763;>=0,4398;<0,4740;>=0,4496;<0,8796;<0,7950
360;Low;<0,6464;<0,5763;<0,4398;<0,4740;>=0,4496;<0,8796;<0,7950
361;Low;<0,6464;<0,5763;>=0,4398;>=0,4740;>=0,4496;<0,8796;>=0,7950
362;Low;<0,6464;>=0,5763;<0,4398;<0,4740;>=0,4496;<0,8796;<0,7950
363;Low;>=0,6464;>=0,5763;<0,4398;<0,4740;>=0,4496;>=0,8796;<0,7950
364;Low;>=0,6464;<0,5763;<0,4398;<0,4740;>=0,4496;<0,8796;<0,7950
365;Low;>=0,6464;<0,5763;<0,4398;<0,4740;>=0,4496;>=0,8796;<0,7950
366;Low;<0,6464;<0,5763;<0,4398;>=0,4740;>=0,4496;<0,8796;<0,7950
367;Low;<0,6464;<0,5763;>=0,4398;>=0,4740;<0,4496;>=0,8796;>=0,7950
368;Low;<0,6464;<0,5763;<0,4398;<0,4740;>=0,4496;>=0,8796;<0,7950
369;Low;<0,6464;<0,5763;<0,4398;<0,4740;>=0,4496;>=0,8796;<0,7950
370;Low;>=0,6464;<0,5763;<0,4398;<0,4740;>=0,4496;>=0,8796;<0,7950
371;Low;<0,6464;>=0,5763;<0,4398;<0,4740;>=0,4496;<0,8796;<0,7950
372;Low;>=0,6464;>=0,5763;>=0,4398;<0,4740;>=0,4496;>=0,8796;<0,7950
373;Low;<0,6464;<0,5763;<0,4398;>=0,4740;>=0,4496;<0,8796;<0,7950
374;Low;>=0,6464;<0,5763;<0,4398;>=0,4740;>=0,4496;>=0,8796;<0,7950
375;Low;>=0,6464;<0,5763;>=0,4398;<0,4740;<0,4496;<0,8796;<0,7950
376;Low;<0,6464;<0,5763;>=0,4398;<0,4740;>=0,4496;>=0,8796;<0,7950
377;Low;<0,6464;<0,5763;<0,4398;<0,4740;>=0,4496;>=0,8796;<0,7950
378;Low;<0,6464;<0,5763;<0,4398;<0,4740;>=0,4496;<0,8796;<0,7950
379;Low;<0,6464;<0,5763;<0,4398;<0,4740;>=0,4496;>=0,8796;>=0,7950
380;Low;<0,6464;<0,5763;<0,4398;<0,4740;<0,4496;>=0,8796;<0,7950
381;Low;>=0,6464;<0,5763;<0,4398;>=0,4740;>=0,4496;>=0,8796;<0,7950
382;Low;<0,6464;<0,5763;<0,4398;<0,4740;>=0,4496;<0,8796;<0,7950
383;Low;<0,6464;>=0,5763;<0,4398;<0,4740;>=0,4496;<0,8796;<0,7950
384;Low;<0,6464;<0,5763;>=0,4398;<0,4740;>=0,4496;>=0,8796;<0,7950
385;Low;<0,6464;<0,5763;<0,4398;<0,4740;>=0,4496;>=0,8796;<0,7950
386;Low;<0,6464;<0,5763;<0,4398;<0,4740;>=0,4496;<0,8796;<0,7950
387;Low;<0,6464;>=0,5763;>=0,4398;>=0,4740;>=0,4496;<0,8796;<0,7950
388;Low;>=0,6464;<0,5763;<0,4398;<0,4740;>=0,4496;>=0,8796;<0,7950
389;Low;<0,6464;<0,5763;<0,4398;<0,4740;>=0,4496;<0,8796;<0,7950
390;Low;<0,6464;<0,5763;<0,4398;>=0,4740;<0,4496;>=0,8796;<0,7950
391;Low;<0,6464;<0,5763;<0,4398;>=0,4740;<0,4496;<0,8796;<0,7950
392;Low;<0,6464;<0,5763;<0,4398;<0,4740;>=0,4496;<0,8796;<0,7950
393;Low;>=0,6464;<0,5763;>=0,4398;>=0,4740;<0,4496;>=0,8796;<0,7950
394;Low;<0,6464;<0,5763;<0,4398;<0,4740;>=0,4496;<0,8796;<0,7950
395;Low;<0,6464;<0,5763;<0,4398;<0,4740;>=0,4496;>=0,8796;<0,7950
396;Low;<0,6464;<0,5763;<0,4398;<0,4740;>=0,4496;>=0,8796;<0,7950
397;Low;>=0,6464;<0,5763;>=0,4398;<0,4740;<0,4496;<0,8796;<0,7950
398;Low;>=0,6464;<0,5763;<0,4398;<0,4740;<0,4496;>=0,8796;<0,7950
399;Low;<0,6464;<0,5763;<0,4398;<0,4740;<0,4496;<0,8796;<0,7950
400;Low;>=0,6464;>=0,5763;<0,4398;<0,4740;<0,4496;>=0,8796;<0,7950
401;Low;<0,6464;<0,5763;<0,4398;<0,4740;>=0,4496;<0,8796;<0,7950
402;Low;<0,6464;<0,5763;<0,4398;>=0,4740;>=0,4496;>=0,8796;<0,7950
403;Low;<0,6464;<0,5763;<0,4398;<0,4740;>=0,4496;>=0,8796;<0,7950
404;Low;>=0,6464;<0,5763;<0,4398;<0,4740;>=0,4496;<0,8796;<0,7950
405;Low;<0,6464;<0,5763;<0,4398;<0,4740;>=0,4496;>=0,8796;<0,7950
406;Low;<0,6464;<0,5763;<0,4398;<0,4740;<0,4496;<0,8796;<0,7950
407;Low;>=0,6464;<0,5763;<0,4398;<0,4740;<0,4496;<0,8796;<0,7950
408;Low;<0,6464;<0,5763;>=0,4398;<0,4740;<0,4496;<0,8796;<0,7950
409;Low;>=0,6464;<0,5763;>=0,4398;>=0,4740;<0,4496;<0,8796;<0,7950
410;Low;<0,6464;<0,5763;<0,4398;<0,4740;>=0,4496;<0,8796;<0,7950
411;Low;<0,6464;<0,5763;<0,4398;<0,4740;>=0,4496;>=0,8796;<0,7950
412;Low;<0,6464;<0,5763;<0,4398;<0,4740;>=0,4496;>=0,8796;<0,7950
413;Low;<0,6464;<0,5763;<0,4398;<0,4740;>=0,4496;>=0,8796;<0,7950
414;Low;<0,6464;<0,5763;<0,4398;<0,4740;>=0,4496;<0,8796;<0,7950
415;Low;>=0,6464;<0,5763;<0,4398;<0,4740;>=0,4496;<0,8796;<0,7950
416;Low;<0,6464;<0,5763;<0,4398;<0,4740;>=0,4496;>=0,8796;<0,7950
417;Low;<0,6464;<0,5763;>=0,4398;<0,4740;>=0,4496;<0,8796;<0,7950
418;Low;<0,6464;<0,5763;<0,4398;<0,4740;>=0,4496;>=0,8796;<0,7950
419;Low;>=0,6464;<0,5763;>=0,4398;>=0,4740;>=0,4496;>=0,8796;<0,7950
420;Low;<0,6464;<0,5763;<0,4398;<0,4740;>=0,4496;>=0,8796;<0,7950
421;Low;<0,6464;<0,5763;<0,4398;<0,4740;>=0,4496;<0,8796;<0,7950
422;Low;<0,6464;<0,5763;<0,4398;<0,4740;>=0,4496;>=0,8796;<0,7950
423;Low;<0,6464;<0,5763;<0,4398;<0,4740;>=0,4496;<0,8796;<0,7950
424;Low;<0,6464;<0,5763;>=0,4398;<0,4740;>=0,4496;<0,8796;<0,7950
425;Low;<0,6464;<0,5763;<0,4398;<0,4740;>=0,4496;<0,8796;<0,7950
426;Low;<0,6464;>=0,5763;<0,4398;<0,4740;<0,4496;<0,8796;<0,7950
427;Low;<0,6464;<0,5763;<0,4398;<0,4740;<0,4496;>=0,8796;<0,7950
428;Low;<0,6464;>=0,5763;>=0,4398;<0,4740;>=0,4496;<0,8796;<0,7950
429;Low;<0,6464;<0,5763;>=0,4398;<0,4740;>=0,4496;<0,8796;<0,7950
430;Low;<0,6464;<0,5763;<0,4398;>=0,4740;<0,4496;<0,8796;<0,7950
431;Low;<0,6464;<0,5763;<0,4398;<0,4740;>=0,4496;<0,8796;<0,7950
432;Low;<0,6464;<0,5763;<0,4398;<0,4740;>=0,4496;>=0,8796;<0,7950
433;Low;>=0,6464;<0,5763;<0,4398;>=0,4740;<0,4496;<0,8796;<0,7950
434;Low;>=0,6464;<0,5763;>=0,4398;<0,4740;<0,4496;<0,8796;<0,7950
435;Low;>=0,6464;<0,5763;<0,4398;<0,4740;>=0,4496;<0,8796;<0,7950
436;Low;<0,6464;<0,5763;>=0,4398;<0,4740;>=0,4496;<0,8796;<0,7950
437;Low;<0,6464;<0,5763;>=0,4398;<0,4740;>=0,4496;>=0,8796;<0,7950
438;Low;<0,6464;<0,5763;<0,4398;>=0,4740;<0,4496;>=0,8796;>=0,7950
439;Low;<0,6464;<0,5763;<0,4398;<0,4740;>=0,4496;>=0,8796;<0,7950
440;Low;<0,6464;<0,5763;>=0,4398;>=0,4740;<0,4496;>=0,8796;<0,7950
441;Low;<0,6464;<0,5763;<0,4398;<0,4740;>=0,4496;>=0,8796;<0,7950
442;Low;>=0,6464;<0,5763;<0,4398;>=0,4740;<0,4496;>=0,8796;>=0,7950
443;Low;>=0,6464;>=0,5763;<0,4398;<0,4740;<0,4496;<0,8796;<0,7950
444;Low;<0,6464;<0,5763;<0,4398;<0,4740;<0,4496;>=0,8796;<0,7950
445;Low;<0,6464;>=0,5763;<0,4398;<0,4740;<0,4496;>=0,8796;<0,7950
446;Low;<0,6464;<0,5763;<0,4398;<0,4740;<0,4496;<0,8796;<0,7950
447;Low;<0,6464;<0,5763;<0,4398;<0,4740;>=0,4496;<0,8796;<0,7950
448;Low;<0,6464;<0,5763;<0,4398;>=0,4740;>=0,4496;<0,8796;<0,7950
449;Low;<0,6464;<0,5763;<0,4398;<0,4740;>=0,4496;<0,8796;<0,7950
450;Low;>=0,6464;>=0,5763;<0,4398;<0,4740;>=0,4496;<0,8796;>=0,7950
451;Low;<0,6464;<0,5763;<0,4398;<0,4740;<0,4496;>=0,8796;<0,7950
452;Low;<0,6464;<0,5763;<0,4398;<0,4740;>=0,4496;>=0,8796;<0,7950
453;Low;<0,6464;<0,5763;<0,4398;<0,4740;<0,4496;>=0,8796;<0,7950
454;Low;<0,6464;<0,5763;<0,4398;>=0,4740;>=0,4496;>=0,8796;<0,7950
455;Low;<0,6464;<0,5763;<0,4398;>=0,4740;<0,4496;<0,8796;<0,7950
456;Low;<0,6464;<0,5763;<0,4398;>=0,4740;>=0,4496;>=0,8796;<0,7950
457;Low;<0,6464;<0,5763;<0,4398;<0,4740;<0,4496;<0,8796;<0,7950
458;Low;>=0,6464;<0,5763;<0,4398;<0,4740;<0,4496;<0,8796;<0,7950
459;Low;>=0,6464;<0,5763;<0,4398;<0,4740;>=0,4496;>=0,8796;<0,7950
460;Low;>=0,6464;<0,5763;<0,4398;<0,4740;>=0,4496;<0,8796;<0,7950
461;Low;<0,6464;<0,5763;<0,4398;<0,4740;>=0,4496;>=0,8796;<0,7950
462;Low;<0,6464;<0,5763;<0,4398;<0,4740;>=0,4496;>=0,8796;<0,7950
463;Low;<0,6464;<0,5763;<0,4398;<0,4740;>=0,4496;<0,8796;>=0,7950
464;Low;>=0,6464;<0,5763;<0,4398;<0,4740;>=0,4496;>=0,8796;<0,7950
465;Low;<0,6464;<0,5763;<0,4398;<0,4740;<0,4496;>=0,8796;<0,7950
466;Low;>=0,6464;>=0,5763;>=0,4398;<0,4740;>=0,4496;<0,8796;<0,7950
467;Low;<0,6464;>=0,5763;>=0,4398;<0,4740;>=0,4496;>=0,8796;<0,7950
468;Low;<0,6464;<0,5763;>=0,4398;<0,4740;<0,4496;>=0,8796;<0,7950
469;Low;>=0,6464;>=0,5763;<0,4398;>=0,4740;>=0,4496;>=0,8796;<0,7950
470;Low;>=0,6464;<0,5763;<0,4398;<0,4740;<0,4496;<0,8796;<0,7950
471;Low;<0,6464;>=0,5763;>=0,4398;<0,4740;>=0,4496;<0,8796;<0,7950
472;Low;<0,6464;<0,5763;<0,4398;<0,4740;>=0,4496;<0,8796;<0,7950
473;Low;<0,6464;<0,5763;<0,4398;<0,4740;>=0,4496;>=0,8796;<0,7950
474;Low;>=0,6464;>=0,5763;<0,4398;<0,4740;>=0,4496;<0,8796;<0,7950
475;Low;>=0,6464;<0,5763;<0,4398;<0,4740;>=0,4496;<0,8796;>=0,7950
476;Low;<0,6464;<0,5763;>=0,4398;<0,4740;>=0,4496;>=0,8796;<0,7950
477;Low;<0,6464;<0,5763;<0,4398;<0,4740;>=0,4496;>=0,8796;<0,7950
478;Low;<0,6464;>=0,5763;>=0,4398;<0,4740;>=0,4496;>=0,8796;<0,7950
479;Low;>=0,6464;<0,5763;<0,4398;<0,4740;>=0,4496;<0,8796;<0,7950
480;Low;<0,6464;<0,5763;>=0,4398;<0,4740;>=0,4496;<0,8796;<0,7950
481;Low;<0,6464;<0,5763;<0,4398;>=0,4740;<0,4496;>=0,8796;>=0,7950
482;Low;<0,6464;<0,5763;>=0,4398;>=0,4740;<0,4496;<0,8796;>=0,7950
483;Low;<0,6464;<0,5763;<0,4398;>=0,4740;>=0,4496;<0,8796;<0,7950
484;Low;<0,6464;<0,5763;<0,4398;>=0,4740;>=0,4496;>=0,8796;<0,7950
485;Low;>=0,6464;>=0,5763;<0,4398;>=0,4740;<0,4496;<0,8796;<0,7950
486;Low;<0,6464;<0,5763;<0,4398;<0,4740;>=0,4496;>=0,8796;<0,7950
487;Low;<0,6464;<0,5763;<0,4398;<0,4740;>=0,4496;>=0,8796;<0,7950
488;Low;<0,6464;<0,5763;<0,4398;<0,4740;<0,4496;<0,8796;<0,7950
489;Low;>=0,6464;<0,5763;<0,4398;<0,4740;<0,4496;>=0,8796;<0,7950
490;Low;>=0,6464;<0,5763;<0,4398;<0,4740;<0,4496;<0,8796;<0,7950
491;Low;<0,6464;<0,5763;>=0,4398;<0,4740;>=0,4496;<0,8796;<0,7950
492;Low;<0,6464;<0,5763;<0,4398;<0,4740;>=0,4496;>=0,8796;<0,7950
493;Low;<0,6464;<0,5763;<0,4398;<0,4740;>=0,4496;>=0,8796;<0,7950
494;Low;<0,6464;<0,5763;<0,4398;<0,4740;>=0,4496;<0,8796;<0,7950
495;Low;>=0,6464;<0,5763;<0,4398;<0,4740;<0,4496;>=0,8796;<0,7950
496;Low;<0,6464;<0,5763;<0,4398;<0,4740;<0,4496;>=0,8796;<0,7950
497;Low;<0,6464;<0,5763;<0,4398;<0,4740;>=0,4496;<0,8796;<0,7950
498;Low;>=0,6464;<0,5763;<0,4398;>=0,4740;>=0,4496;>=0,8796;<0,7950
499;Low;>=0,6464;<0,5763;<0,4398;>=0,4740;<0,4496;>=0,8796;>=0,7950
500;Low;<0,6464;<0,5763;<0,4398;>=0,4740;<0,4496;>=0,8796;>=0,7950
501;Low;<0,6464;<0,5763;<0,4398;>=0,4740;>=0,4496;<0,8796;<0,7950
502;Low;<0,6464;<0,5763;<0,4398;<0,4740;>=0,4496;>=0,8796;<0,7950
503;Low;<0,6464;<0,5763;<0,4398;<0,4740;>=0,4496;>=0,8796;<0,7950
504;Low;<0,6464;<0,5763;<0,4398;<0,4740;>=0,4496;<0,8796;<0,7950
505;Low;<0,6464;<0,5763;<0,4398;>=0,4740;<0,4496;<0,8796;<0,7950
506;Low;<0,6464;<0,5763;<0,4398;>=0,4740;>=0,4496;>=0,8796;>=0,7950
507;Low;<0,6464;<0,5763;<0,4398;>=0,4740;>=0,4496;>=0,8796;>=0,7950
508;Low;>=0,6464;>=0,5763;<0,4398;>=0,4740;<0,4496;>=0,8796;>=0,7950
509;Low;<0,6464;>=0,5763;>=0,4398;>=0,4740;>=0,4496;<0,8796;<0,7950
510;Low;<0,6464;<0,5763;<0,4398;<0,4740;<0,4496;<0,8796;>=0,7950
511;Low;>=0,6464;<0,5763;>=0,4398;>=0,4740;<0,4496;<0,8796;>=0,7950
512;Low;>=0,6464;<0,5763;<0,4398;>=0,4740;<0,4496;>=0,8796;<0,7950
513;Low;<0,6464;<0,5763;>=0,4398;<0,4740;>=0,4496;<0,8796;<0,7950
514;Low;<0,6464;<0,5763;<0,4398;<0,4740;<0,4496;<0,8796;>=0,7950
